fold,precision,recall,f1
0,0.852459016,0.99047619,0.916299559
1,0.866666667,0.99047619,0.924444444
2,0.858333333,0.980952381,0.915555556
3,0.844262295,1,0.915555556
4,0.803278689,1,0.890909091
5,0.876033058,0.990654206,0.929824561
6,0.803278689,1,0.890909091
7,0.841666667,0.990196078,0.90990991
8,0.884297521,0.990740741,0.934497817
9,0.867768595,1,0.92920354
